age,final-weight,education-num,capital-gain,hours-per-week
27.0,177119.0,10.0,0.0,44.0
27.0,216481.0,13.0,0.0,40.0
25.0,256263.0,12.0,0.0,40.0
46.0,147640.0,3.0,0.0,40.0
45.0,172822.0,7.0,0.0,76.0
29.0,203697.0,13.0,0.0,75.0
42.0,226020.0,9.0,0.0,60.0
34.0,120461.0,10.0,0.0,50.0
60.0,101110.0,11.0,0.0,40.0
19.0,102723.0,10.0,0.0,40.0
21.0,204596.0,12.0,0.0,8.0
31.0,171871.0,14.0,0.0,46.0
53.0,123011.0,14.0,0.0,45.0
35.0,226379.0,9.0,0.0,25.0
51.0,153908.0,14.0,0.0,40.0
31.0,206823.0,13.0,0.0,50.0
37.0,164898.0,10.0,0.0,52.0
29.0,87507.0,16.0,0.0,60.0
68.0,117542.0,9.0,1409.0,15.0
24.0,176389.0,9.0,0.0,40.0
46.0,268358.0,7.0,0.0,40.0
53.0,126592.0,10.0,7688.0,40.0
54.0,421561.0,10.0,0.0,40.0
21.0,322931.0,10.0,0.0,55.0
56.0,245215.0,16.0,0.0,50.0
35.0,97277.0,15.0,0.0,65.0
46.0,219611.0,10.0,0.0,40.0
36.0,36425.0,10.0,0.0,35.0
20.0,170800.0,10.0,0.0,40.0
29.0,193152.0,9.0,0.0,40.0
37.0,163199.0,10.0,0.0,40.0
17.0,183110.0,7.0,0.0,16.0
32.0,169240.0,9.0,0.0,38.0
23.0,320294.0,9.0,0.0,40.0
45.0,191776.0,14.0,25236.0,42.0
26.0,212793.0,9.0,0.0,40.0
31.0,178370.0,9.0,0.0,99.0
79.0,124744.0,10.0,0.0,20.0
49.0,184986.0,9.0,0.0,40.0
42.0,36271.0,13.0,0.0,40.0
67.0,94610.0,14.0,0.0,30.0
35.0,189623.0,16.0,0.0,45.0
44.0,326232.0,13.0,0.0,50.0
31.0,196125.0,9.0,0.0,40.0
37.0,102936.0,13.0,0.0,55.0
22.0,477505.0,12.0,0.0,40.0
34.0,106541.0,10.0,0.0,40.0
45.0,353012.0,9.0,0.0,40.0
51.0,84399.0,9.0,0.0,40.0
28.0,177955.0,7.0,0.0,40.0
38.0,96330.0,11.0,0.0,40.0
40.0,99373.0,6.0,0.0,40.0
50.0,159650.0,10.0,0.0,60.0
33.0,93056.0,4.0,0.0,40.0
49.0,195727.0,13.0,0.0,40.0
44.0,171256.0,12.0,0.0,45.0
23.0,233711.0,9.0,0.0,50.0
20.0,138768.0,9.0,0.0,40.0
32.0,128016.0,9.0,0.0,20.0
64.0,221343.0,2.0,0.0,12.0
28.0,192200.0,13.0,0.0,40.0
47.0,138342.0,7.0,3411.0,40.0
37.0,179088.0,10.0,0.0,40.0
47.0,188610.0,9.0,0.0,48.0
59.0,87247.0,6.0,0.0,40.0
22.0,351952.0,10.0,0.0,20.0
47.0,185385.0,6.0,0.0,40.0
26.0,112847.0,11.0,0.0,40.0
44.0,226129.0,11.0,0.0,50.0
33.0,137310.0,9.0,0.0,40.0
46.0,133616.0,10.0,0.0,40.0
50.0,196193.0,13.0,0.0,40.0
44.0,119281.0,15.0,0.0,50.0
21.0,190968.0,9.0,0.0,40.0
33.0,172498.0,10.0,0.0,40.0
28.0,292536.0,10.0,0.0,50.0
29.0,370509.0,13.0,0.0,50.0
41.0,201435.0,9.0,0.0,40.0
19.0,331556.0,6.0,0.0,40.0
62.0,588484.0,13.0,0.0,20.0
50.0,97741.0,9.0,0.0,45.0
21.0,129345.0,10.0,0.0,40.0
60.0,389254.0,9.0,0.0,40.0
30.0,241885.0,10.0,0.0,40.0
47.0,398652.0,9.0,0.0,50.0
52.0,216342.0,13.0,0.0,55.0
36.0,184456.0,15.0,27828.0,50.0
67.0,159542.0,3.0,0.0,40.0
25.0,404616.0,13.0,0.0,40.0
22.0,205970.0,6.0,0.0,35.0
49.0,143459.0,5.0,0.0,38.0
38.0,119741.0,14.0,0.0,40.0
54.0,406468.0,9.0,0.0,40.0
63.0,188976.0,13.0,0.0,40.0
67.0,63552.0,4.0,0.0,35.0
22.0,326334.0,10.0,0.0,35.0
39.0,82622.0,13.0,0.0,45.0
31.0,145377.0,13.0,0.0,60.0
57.0,200316.0,10.0,0.0,40.0
22.0,117779.0,13.0,0.0,40.0
42.0,176286.0,12.0,0.0,40.0
19.0,260333.0,9.0,0.0,20.0
17.0,179319.0,6.0,0.0,30.0
28.0,38079.0,10.0,0.0,55.0
46.0,146497.0,9.0,0.0,40.0
45.0,148549.0,10.0,27828.0,56.0
20.0,194504.0,10.0,0.0,40.0
32.0,63564.0,9.0,0.0,40.0
67.0,224984.0,9.0,15831.0,16.0
52.0,282674.0,9.0,0.0,40.0
35.0,58343.0,9.0,0.0,44.0
43.0,99185.0,9.0,0.0,58.0
29.0,353352.0,11.0,0.0,40.0
42.0,204235.0,10.0,0.0,40.0
68.0,103161.0,9.0,0.0,32.0
29.0,212102.0,9.0,0.0,30.0
40.0,388725.0,10.0,0.0,40.0
30.0,437825.0,13.0,0.0,20.0
61.0,221884.0,10.0,0.0,50.0
46.0,91262.0,10.0,0.0,40.0
51.0,101432.0,9.0,0.0,40.0
42.0,173628.0,13.0,0.0,40.0
25.0,282313.0,6.0,0.0,40.0
49.0,268022.0,13.0,0.0,50.0
58.0,222247.0,6.0,0.0,40.0
56.0,211804.0,13.0,15024.0,50.0
51.0,351278.0,13.0,0.0,50.0
66.0,112871.0,7.0,0.0,30.0
38.0,119177.0,9.0,0.0,55.0
53.0,220786.0,10.0,0.0,60.0
17.0,159849.0,7.0,0.0,30.0
28.0,183151.0,12.0,0.0,60.0
37.0,362062.0,15.0,99999.0,50.0
29.0,215504.0,9.0,0.0,40.0
57.0,167864.0,11.0,0.0,40.0
27.0,124680.0,14.0,0.0,40.0
28.0,205337.0,9.0,0.0,40.0
31.0,61308.0,6.0,0.0,40.0
37.0,154571.0,10.0,0.0,40.0
39.0,177075.0,9.0,0.0,40.0
34.0,181087.0,11.0,0.0,45.0
32.0,24961.0,11.0,0.0,40.0
59.0,31359.0,14.0,15024.0,80.0
42.0,70055.0,9.0,0.0,40.0
47.0,148171.0,16.0,0.0,50.0
26.0,190350.0,13.0,0.0,35.0
39.0,175390.0,9.0,0.0,40.0
37.0,125550.0,9.0,14084.0,35.0
33.0,296453.0,14.0,0.0,15.0
45.0,194698.0,10.0,0.0,40.0
62.0,31577.0,9.0,0.0,18.0
58.0,159021.0,5.0,0.0,40.0
50.0,114117.0,9.0,0.0,32.0
26.0,272669.0,13.0,0.0,20.0
41.0,263339.0,9.0,0.0,40.0
36.0,745768.0,10.0,0.0,40.0
47.0,109921.0,9.0,0.0,32.0
48.0,145886.0,13.0,0.0,60.0
63.0,78383.0,9.0,0.0,45.0
31.0,243773.0,5.0,0.0,20.0
23.0,142766.0,10.0,1055.0,20.0
36.0,373952.0,6.0,0.0,40.0
27.0,328981.0,9.0,0.0,40.0
24.0,232841.0,9.0,0.0,35.0
41.0,209344.0,9.0,0.0,40.0
25.0,188119.0,9.0,0.0,40.0
55.0,125000.0,9.0,0.0,40.0
51.0,123429.0,14.0,0.0,50.0
20.0,41356.0,10.0,0.0,40.0
19.0,184737.0,9.0,0.0,40.0
42.0,221172.0,9.0,0.0,40.0
36.0,222294.0,13.0,0.0,40.0
46.0,63299.0,9.0,0.0,50.0
19.0,249147.0,9.0,0.0,30.0
22.0,229987.0,10.0,0.0,32.0
33.0,262042.0,9.0,0.0,40.0
20.0,196643.0,9.0,0.0,40.0
44.0,222504.0,10.0,0.0,45.0
39.0,121468.0,13.0,0.0,35.0
62.0,345780.0,11.0,0.0,40.0
55.0,199067.0,13.0,15024.0,42.0
24.0,283731.0,13.0,0.0,40.0
34.0,73199.0,7.0,0.0,40.0
38.0,194534.0,14.0,99999.0,60.0
51.0,467611.0,5.0,0.0,40.0
42.0,211450.0,14.0,0.0,45.0
17.0,341395.0,6.0,0.0,20.0
26.0,132749.0,13.0,0.0,80.0
31.0,268482.0,5.0,0.0,40.0
52.0,175622.0,11.0,0.0,40.0
53.0,424079.0,14.0,15024.0,55.0
29.0,74500.0,13.0,0.0,40.0
67.0,92061.0,9.0,0.0,8.0
20.0,197207.0,9.0,0.0,30.0
31.0,340917.0,9.0,14344.0,40.0
31.0,227886.0,10.0,0.0,35.0
42.0,340148.0,10.0,0.0,40.0
23.0,189468.0,11.0,0.0,30.0
24.0,142528.0,10.0,0.0,20.0
18.0,146586.0,9.0,0.0,60.0
23.0,182342.0,9.0,0.0,40.0
57.0,290661.0,16.0,0.0,60.0
34.0,204461.0,16.0,0.0,60.0
44.0,170924.0,10.0,7298.0,40.0
22.0,36011.0,11.0,0.0,30.0
52.0,174767.0,10.0,0.0,45.0
47.0,116279.0,9.0,0.0,43.0
24.0,142022.0,10.0,0.0,50.0
36.0,318972.0,10.0,0.0,65.0
32.0,48014.0,10.0,0.0,35.0
70.0,232871.0,10.0,0.0,30.0
31.0,219619.0,9.0,0.0,48.0
52.0,186303.0,10.0,15024.0,55.0
40.0,238329.0,13.0,0.0,45.0
61.0,30475.0,4.0,0.0,40.0
50.0,98980.0,13.0,7298.0,40.0
53.0,47396.0,10.0,0.0,50.0
36.0,160192.0,9.0,0.0,40.0
57.0,104996.0,10.0,0.0,42.0
28.0,109165.0,9.0,0.0,40.0
49.0,62546.0,13.0,0.0,40.0
33.0,215288.0,7.0,0.0,40.0
39.0,160120.0,16.0,0.0,40.0
62.0,200922.0,4.0,0.0,40.0
54.0,154949.0,7.0,0.0,40.0
46.0,148738.0,9.0,0.0,35.0
42.0,97688.0,10.0,5178.0,40.0
24.0,438839.0,13.0,0.0,40.0
52.0,96359.0,16.0,0.0,57.0
44.0,162643.0,9.0,0.0,43.0
41.0,146659.0,10.0,0.0,40.0
19.0,459248.0,9.0,0.0,30.0
69.0,34339.0,9.0,0.0,40.0
59.0,171328.0,6.0,0.0,30.0
31.0,194901.0,9.0,0.0,50.0
21.0,518530.0,10.0,0.0,40.0
55.0,157079.0,10.0,0.0,40.0
45.0,203653.0,9.0,7298.0,40.0
26.0,199143.0,9.0,0.0,50.0
48.0,317360.0,14.0,0.0,40.0
43.0,99212.0,11.0,3103.0,48.0
42.0,383493.0,14.0,0.0,50.0
32.0,166634.0,9.0,0.0,40.0
31.0,409622.0,13.0,0.0,36.0
57.0,120302.0,9.0,0.0,40.0
38.0,186145.0,10.0,0.0,40.0
39.0,57424.0,13.0,0.0,35.0
51.0,207449.0,13.0,0.0,55.0
35.0,145308.0,10.0,0.0,40.0
25.0,129784.0,10.0,0.0,40.0
31.0,375680.0,13.0,0.0,40.0
43.0,188199.0,5.0,0.0,40.0
38.0,201410.0,13.0,0.0,40.0
64.0,31826.0,9.0,0.0,45.0
45.0,32356.0,13.0,0.0,51.0
48.0,101233.0,11.0,0.0,15.0
25.0,168403.0,13.0,0.0,40.0
38.0,116580.0,13.0,0.0,20.0
38.0,472604.0,13.0,0.0,35.0
24.0,236769.0,12.0,0.0,40.0
45.0,72844.0,9.0,0.0,46.0
51.0,237630.0,9.0,7298.0,50.0
22.0,200374.0,9.0,0.0,35.0
44.0,228057.0,9.0,0.0,40.0
50.0,268553.0,9.0,7298.0,40.0
47.0,242552.0,10.0,0.0,40.0
24.0,204935.0,14.0,0.0,56.0
44.0,187720.0,9.0,0.0,41.0
23.0,304386.0,9.0,0.0,40.0
32.0,186824.0,13.0,0.0,40.0
27.0,120126.0,10.0,0.0,40.0
35.0,170092.0,9.0,0.0,20.0
24.0,255474.0,7.0,0.0,40.0
27.0,224849.0,9.0,0.0,40.0
61.0,151369.0,15.0,0.0,50.0
35.0,79649.0,13.0,0.0,50.0
27.0,335421.0,13.0,0.0,20.0
43.0,243580.0,13.0,0.0,40.0
26.0,187891.0,9.0,0.0,40.0
32.0,180284.0,6.0,0.0,40.0
45.0,98881.0,7.0,0.0,32.0
51.0,147954.0,9.0,3411.0,38.0
41.0,284086.0,11.0,0.0,60.0
43.0,35034.0,13.0,0.0,21.0
34.0,252529.0,13.0,0.0,48.0
17.0,270942.0,3.0,0.0,48.0
50.0,127151.0,14.0,0.0,40.0
20.0,133061.0,5.0,0.0,40.0
73.0,74040.0,4.0,0.0,40.0
44.0,691903.0,14.0,0.0,60.0
33.0,80058.0,9.0,0.0,40.0
67.0,106143.0,16.0,20051.0,40.0
29.0,204984.0,9.0,0.0,50.0
47.0,233511.0,14.0,27828.0,60.0
22.0,221745.0,10.0,0.0,40.0
43.0,221172.0,13.0,0.0,35.0
37.0,103986.0,13.0,7688.0,39.0
18.0,274057.0,7.0,0.0,8.0
31.0,210562.0,9.0,0.0,65.0
41.0,57924.0,10.0,7688.0,50.0
47.0,161950.0,9.0,0.0,32.0
34.0,112212.0,9.0,0.0,40.0
47.0,70943.0,9.0,5178.0,40.0
54.0,172991.0,9.0,0.0,40.0
55.0,254627.0,9.0,0.0,40.0
48.0,70209.0,10.0,0.0,20.0
63.0,165667.0,9.0,0.0,40.0
52.0,190762.0,2.0,0.0,40.0
26.0,187248.0,9.0,0.0,40.0
60.0,160625.0,10.0,0.0,47.0
34.0,156809.0,10.0,0.0,60.0
43.0,286750.0,15.0,0.0,99.0
43.0,183891.0,9.0,0.0,40.0
62.0,134768.0,16.0,7688.0,40.0
43.0,208277.0,14.0,0.0,45.0
41.0,213019.0,11.0,0.0,38.0
31.0,254293.0,10.0,0.0,40.0
35.0,538583.0,7.0,3674.0,40.0
24.0,117210.0,9.0,0.0,50.0
29.0,116394.0,13.0,0.0,50.0
60.0,82775.0,10.0,0.0,55.0
31.0,139822.0,9.0,0.0,40.0
27.0,285897.0,9.0,0.0,45.0
24.0,309055.0,10.0,0.0,15.0
19.0,42750.0,10.0,0.0,55.0
41.0,47902.0,13.0,0.0,50.0
22.0,157145.0,11.0,0.0,50.0
37.0,259089.0,13.0,0.0,40.0
61.0,229744.0,3.0,0.0,40.0
18.0,238401.0,10.0,0.0,25.0
47.0,154033.0,10.0,0.0,40.0
34.0,146980.0,9.0,0.0,65.0
47.0,357848.0,9.0,0.0,40.0
36.0,347491.0,16.0,0.0,35.0
65.0,258561.0,13.0,0.0,20.0
44.0,157249.0,13.0,0.0,50.0
17.0,156736.0,6.0,0.0,12.0
53.0,302868.0,13.0,0.0,50.0
42.0,210525.0,10.0,0.0,20.0
37.0,103408.0,9.0,0.0,40.0
33.0,175502.0,13.0,0.0,60.0
29.0,214881.0,9.0,0.0,40.0
29.0,83742.0,9.0,0.0,45.0
38.0,54953.0,10.0,0.0,38.0
70.0,102610.0,6.0,0.0,32.0
47.0,198901.0,9.0,0.0,48.0
20.0,157145.0,10.0,0.0,10.0
33.0,175697.0,13.0,15024.0,60.0
33.0,309630.0,9.0,0.0,40.0
57.0,121111.0,9.0,0.0,40.0
39.0,283338.0,13.0,7298.0,40.0
27.0,119170.0,7.0,0.0,45.0
26.0,160261.0,14.0,0.0,20.0
38.0,334366.0,10.0,0.0,15.0
34.0,174463.0,11.0,0.0,50.0
56.0,130454.0,13.0,0.0,40.0
25.0,135568.0,9.0,0.0,40.0
62.0,198686.0,9.0,0.0,40.0
39.0,98587.0,10.0,0.0,45.0
38.0,172755.0,9.0,0.0,40.0
51.0,313702.0,9.0,0.0,40.0
22.0,24008.0,10.0,0.0,72.0
33.0,119628.0,16.0,0.0,50.0
50.0,132716.0,10.0,0.0,50.0
46.0,98350.0,6.0,0.0,37.0
37.0,108540.0,9.0,0.0,40.0
29.0,190330.0,10.0,0.0,10.0
50.0,31621.0,9.0,0.0,40.0
40.0,403550.0,10.0,0.0,50.0
24.0,194604.0,13.0,0.0,15.0
38.0,167440.0,9.0,0.0,20.0
35.0,36214.0,13.0,4386.0,47.0
51.0,239155.0,11.0,0.0,40.0
31.0,203463.0,13.0,0.0,40.0
29.0,444304.0,13.0,0.0,40.0
40.0,174373.0,13.0,0.0,50.0
46.0,282538.0,11.0,0.0,40.0
37.0,26898.0,9.0,0.0,12.0
29.0,106153.0,9.0,0.0,50.0
61.0,166124.0,9.0,0.0,40.0
31.0,169240.0,9.0,0.0,40.0
20.0,29810.0,10.0,0.0,40.0
37.0,109133.0,14.0,27828.0,60.0
72.0,114761.0,4.0,0.0,20.0
41.0,90692.0,9.0,0.0,40.0
55.0,113398.0,10.0,0.0,40.0
27.0,617860.0,10.0,0.0,40.0
53.0,144586.0,10.0,0.0,40.0
46.0,192360.0,13.0,0.0,35.0
35.0,190226.0,9.0,0.0,40.0
45.0,185399.0,14.0,0.0,55.0
41.0,309056.0,16.0,0.0,50.0
36.0,175232.0,9.0,5178.0,40.0
62.0,122246.0,14.0,0.0,32.0
25.0,344719.0,9.0,0.0,4.0
47.0,185254.0,3.0,0.0,40.0
45.0,28359.0,9.0,0.0,10.0
55.0,191367.0,9.0,0.0,40.0
58.0,371064.0,9.0,0.0,20.0
48.0,47686.0,7.0,0.0,40.0
22.0,143062.0,9.0,0.0,40.0
64.0,65991.0,9.0,7298.0,45.0
52.0,63004.0,14.0,0.0,40.0
32.0,353994.0,13.0,0.0,40.0
60.0,166330.0,9.0,99999.0,40.0
54.0,225599.0,14.0,7298.0,40.0
50.0,36489.0,6.0,0.0,40.0
31.0,61559.0,9.0,0.0,50.0
45.0,293691.0,9.0,0.0,40.0
27.0,116662.0,9.0,0.0,40.0
36.0,336595.0,9.0,0.0,50.0
38.0,28887.0,7.0,0.0,50.0
57.0,89392.0,14.0,0.0,40.0
52.0,192065.0,10.0,0.0,40.0
53.0,340723.0,15.0,0.0,40.0
36.0,301227.0,3.0,0.0,35.0
19.0,236396.0,7.0,0.0,40.0
27.0,153546.0,13.0,0.0,40.0
45.0,207107.0,12.0,0.0,40.0
40.0,220977.0,16.0,3103.0,40.0
34.0,198183.0,9.0,0.0,40.0
60.0,168223.0,13.0,0.0,30.0
51.0,63685.0,9.0,0.0,50.0
22.0,202920.0,9.0,99999.0,40.0
57.0,136107.0,5.0,0.0,40.0
23.0,223019.0,9.0,0.0,40.0
50.0,151580.0,12.0,0.0,45.0
32.0,127451.0,10.0,0.0,38.0
46.0,187370.0,13.0,0.0,40.0
21.0,85733.0,10.0,0.0,40.0
21.0,353628.0,6.0,0.0,38.0
31.0,222654.0,13.0,0.0,40.0
22.0,446140.0,9.0,0.0,55.0
34.0,56121.0,7.0,0.0,40.0
37.0,78928.0,5.0,3137.0,40.0
18.0,188616.0,7.0,0.0,15.0
47.0,103757.0,12.0,0.0,40.0
53.0,143822.0,14.0,0.0,36.0
32.0,124919.0,13.0,0.0,50.0
48.0,160647.0,10.0,0.0,40.0
45.0,287920.0,14.0,0.0,50.0
34.0,100079.0,13.0,0.0,55.0
19.0,369678.0,9.0,0.0,30.0
30.0,254905.0,9.0,0.0,40.0
38.0,237608.0,13.0,0.0,45.0
49.0,168191.0,4.0,0.0,70.0
37.0,171150.0,9.0,0.0,50.0
25.0,499233.0,9.0,0.0,40.0
49.0,245305.0,6.0,0.0,42.0
37.0,48976.0,13.0,4865.0,45.0
22.0,209131.0,12.0,0.0,20.0
42.0,331651.0,14.0,8614.0,50.0
28.0,237466.0,10.0,0.0,30.0
48.0,181758.0,10.0,0.0,40.0
34.0,58305.0,9.0,0.0,40.0
22.0,51985.0,10.0,0.0,30.0
33.0,124187.0,7.0,0.0,60.0
40.0,374137.0,9.0,0.0,40.0
24.0,216129.0,9.0,0.0,40.0
59.0,195820.0,9.0,0.0,40.0
41.0,221947.0,10.0,0.0,50.0
47.0,127678.0,10.0,0.0,80.0
34.0,346034.0,13.0,0.0,40.0
34.0,232855.0,10.0,0.0,37.0
21.0,180052.0,10.0,0.0,30.0
71.0,66624.0,13.0,0.0,60.0
30.0,178255.0,13.0,0.0,70.0
48.0,78529.0,14.0,0.0,60.0
45.0,184581.0,9.0,0.0,40.0
47.0,265097.0,9.0,0.0,45.0
30.0,89625.0,10.0,0.0,5.0
34.0,54850.0,13.0,0.0,50.0
37.0,58337.0,10.0,0.0,40.0
61.0,149981.0,9.0,2414.0,5.0
19.0,243960.0,10.0,0.0,16.0
53.0,274528.0,13.0,0.0,70.0
51.0,162944.0,9.0,0.0,40.0
39.0,29814.0,9.0,0.0,40.0
43.0,194636.0,13.0,0.0,48.0
40.0,84232.0,9.0,0.0,4.0
42.0,65950.0,9.0,0.0,40.0
51.0,25932.0,9.0,0.0,60.0
43.0,221172.0,15.0,0.0,40.0
30.0,70377.0,10.0,0.0,40.0
21.0,184568.0,9.0,0.0,40.0
20.0,66917.0,7.0,0.0,40.0
28.0,294936.0,13.0,0.0,45.0
50.0,169925.0,9.0,0.0,15.0
60.0,232618.0,13.0,0.0,35.0
37.0,133328.0,9.0,0.0,40.0
49.0,160187.0,5.0,0.0,16.0
47.0,262244.0,13.0,0.0,60.0
28.0,113870.0,9.0,0.0,40.0
22.0,126613.0,10.0,0.0,20.0
32.0,117927.0,10.0,0.0,40.0
33.0,124827.0,9.0,0.0,40.0
23.0,113466.0,9.0,0.0,40.0
25.0,178505.0,10.0,0.0,45.0
48.0,191389.0,10.0,0.0,50.0
23.0,309580.0,14.0,0.0,40.0
38.0,240467.0,14.0,0.0,35.0
42.0,355728.0,11.0,0.0,44.0
24.0,86745.0,13.0,0.0,16.0
71.0,149386.0,9.0,0.0,9.0
54.0,93605.0,9.0,0.0,40.0
57.0,562558.0,9.0,0.0,40.0
17.0,63734.0,6.0,0.0,20.0
45.0,26781.0,10.0,0.0,40.0
46.0,376789.0,9.0,0.0,15.0
23.0,144165.0,13.0,0.0,30.0
44.0,202872.0,13.0,0.0,45.0
44.0,367749.0,13.0,0.0,45.0
23.0,57827.0,13.0,0.0,40.0
35.0,320305.0,9.0,0.0,32.0
18.0,452452.0,6.0,0.0,20.0
63.0,236338.0,9.0,0.0,35.0
17.0,206010.0,8.0,0.0,8.0
46.0,213611.0,4.0,0.0,24.0
36.0,137421.0,11.0,0.0,37.0
44.0,199191.0,9.0,0.0,30.0
57.0,190554.0,6.0,0.0,60.0
32.0,118551.0,13.0,0.0,35.0
54.0,299324.0,3.0,0.0,40.0
33.0,216145.0,9.0,0.0,40.0
25.0,157617.0,9.0,0.0,40.0
27.0,183523.0,13.0,0.0,45.0
67.0,191800.0,13.0,6360.0,35.0
34.0,79586.0,13.0,0.0,60.0
46.0,155933.0,13.0,0.0,8.0
44.0,205051.0,6.0,0.0,40.0
46.0,249686.0,15.0,0.0,50.0
29.0,157308.0,7.0,2829.0,14.0
46.0,52291.0,13.0,7688.0,45.0
42.0,69333.0,13.0,0.0,50.0
29.0,54411.0,9.0,0.0,50.0
40.0,96554.0,9.0,0.0,40.0
35.0,25803.0,9.0,0.0,40.0
31.0,133861.0,12.0,0.0,40.0
30.0,181091.0,13.0,0.0,40.0
35.0,76845.0,5.0,0.0,40.0
65.0,193216.0,9.0,9386.0,40.0
33.0,113364.0,9.0,0.0,40.0
47.0,27067.0,9.0,0.0,40.0
41.0,35166.0,15.0,15024.0,50.0
44.0,98989.0,13.0,0.0,38.0
19.0,269657.0,10.0,0.0,35.0
17.0,139183.0,6.0,0.0,15.0
28.0,312588.0,6.0,0.0,40.0
41.0,267252.0,10.0,0.0,40.0
42.0,33126.0,12.0,0.0,60.0
47.0,326857.0,11.0,5013.0,40.0
27.0,335421.0,14.0,0.0,40.0
37.0,333651.0,9.0,0.0,42.0
53.0,95540.0,10.0,1471.0,40.0
51.0,160703.0,8.0,0.0,45.0
35.0,185769.0,10.0,0.0,40.0
58.0,61474.0,9.0,0.0,55.0
41.0,133060.0,12.0,0.0,40.0
33.0,123920.0,10.0,0.0,40.0
20.0,256211.0,10.0,0.0,40.0
46.0,39363.0,10.0,0.0,10.0
19.0,283033.0,7.0,0.0,40.0
64.0,106538.0,14.0,0.0,50.0
53.0,43952.0,14.0,15024.0,38.0
34.0,207668.0,10.0,0.0,40.0
26.0,28443.0,11.0,0.0,40.0
20.0,347530.0,9.0,0.0,25.0
28.0,37359.0,13.0,0.0,60.0
19.0,84610.0,10.0,0.0,30.0
48.0,287480.0,14.0,0.0,40.0
66.0,262552.0,10.0,0.0,7.0
50.0,185846.0,9.0,0.0,40.0
42.0,119281.0,13.0,0.0,60.0
49.0,248895.0,9.0,0.0,45.0
74.0,183701.0,6.0,0.0,6.0
58.0,158002.0,10.0,0.0,40.0
64.0,187601.0,10.0,0.0,40.0
49.0,192349.0,14.0,4650.0,40.0
39.0,177907.0,9.0,0.0,40.0
20.0,386864.0,6.0,0.0,35.0
48.0,125120.0,10.0,0.0,37.0
40.0,144928.0,10.0,0.0,40.0
63.0,183608.0,6.0,0.0,40.0
28.0,123147.0,10.0,0.0,40.0
51.0,240358.0,10.0,0.0,20.0
48.0,182313.0,10.0,0.0,40.0
39.0,252327.0,5.0,0.0,35.0
22.0,216181.0,7.0,0.0,45.0
22.0,134181.0,9.0,0.0,50.0
51.0,137815.0,10.0,7298.0,40.0
53.0,98791.0,10.0,0.0,40.0
35.0,265662.0,13.0,0.0,40.0
62.0,247483.0,10.0,0.0,40.0
36.0,195516.0,9.0,0.0,40.0
40.0,69333.0,13.0,0.0,40.0
26.0,375980.0,9.0,0.0,37.0
76.0,98695.0,10.0,0.0,20.0
22.0,188274.0,12.0,0.0,40.0
41.0,194636.0,13.0,0.0,60.0
59.0,148626.0,6.0,0.0,40.0
54.0,226735.0,9.0,0.0,45.0
60.0,355865.0,14.0,0.0,50.0
62.0,271431.0,5.0,0.0,42.0
47.0,306473.0,12.0,0.0,40.0
25.0,171114.0,9.0,0.0,48.0
52.0,149650.0,16.0,0.0,40.0
39.0,186420.0,9.0,0.0,40.0
20.0,56322.0,10.0,2176.0,25.0
39.0,315291.0,9.0,0.0,40.0
50.0,200618.0,12.0,0.0,40.0
48.0,158924.0,9.0,0.0,40.0
17.0,179715.0,6.0,0.0,40.0
43.0,117627.0,10.0,0.0,40.0
35.0,184655.0,7.0,0.0,50.0
50.0,307392.0,14.0,0.0,40.0
23.0,324637.0,10.0,0.0,30.0
30.0,46712.0,9.0,0.0,40.0
32.0,175856.0,13.0,0.0,40.0
29.0,189282.0,9.0,0.0,27.0
43.0,182437.0,13.0,0.0,45.0
35.0,185621.0,13.0,0.0,40.0
38.0,149347.0,10.0,0.0,60.0
24.0,382146.0,10.0,0.0,40.0
18.0,120283.0,8.0,0.0,24.0
38.0,48093.0,9.0,0.0,40.0
41.0,144460.0,10.0,0.0,40.0
64.0,216208.0,10.0,0.0,40.0
69.0,230417.0,16.0,0.0,40.0
34.0,106014.0,10.0,0.0,40.0
30.0,247444.0,10.0,0.0,40.0
41.0,179533.0,9.0,0.0,35.0
21.0,249727.0,9.0,0.0,22.0
65.0,85787.0,4.0,0.0,40.0
41.0,303510.0,9.0,0.0,40.0
22.0,228452.0,6.0,0.0,30.0
31.0,341672.0,10.0,0.0,50.0
20.0,174391.0,9.0,0.0,40.0
44.0,165599.0,9.0,0.0,48.0
19.0,302945.0,10.0,0.0,10.0
33.0,182926.0,13.0,15024.0,50.0
51.0,317396.0,10.0,0.0,40.0
51.0,195844.0,10.0,0.0,40.0
28.0,203710.0,13.0,0.0,40.0
62.0,205643.0,15.0,0.0,45.0
26.0,386949.0,9.0,0.0,25.0
21.0,260254.0,9.0,0.0,40.0
27.0,410351.0,9.0,0.0,40.0
35.0,85548.0,10.0,0.0,40.0
40.0,297396.0,10.0,0.0,60.0
58.0,114362.0,10.0,0.0,30.0
71.0,422149.0,10.0,20051.0,40.0
45.0,191098.0,13.0,0.0,40.0
59.0,197148.0,9.0,0.0,24.0
67.0,257557.0,4.0,10566.0,40.0
25.0,312966.0,5.0,0.0,40.0
25.0,218948.0,4.0,0.0,32.0
28.0,429507.0,12.0,0.0,40.0
45.0,338105.0,10.0,0.0,40.0
35.0,67728.0,10.0,0.0,45.0
38.0,405284.0,13.0,0.0,35.0
19.0,69927.0,9.0,0.0,16.0
59.0,106748.0,4.0,0.0,99.0
18.0,192409.0,10.0,0.0,20.0
36.0,167440.0,10.0,0.0,44.0
40.0,146908.0,9.0,0.0,40.0
65.0,78875.0,10.0,2290.0,40.0
50.0,98975.0,13.0,15024.0,40.0
32.0,115631.0,10.0,4101.0,50.0
42.0,208875.0,10.0,0.0,40.0
32.0,223267.0,14.0,0.0,48.0
28.0,338376.0,13.0,0.0,40.0
21.0,118693.0,10.0,0.0,40.0
34.0,174789.0,13.0,0.0,40.0
19.0,184710.0,10.0,0.0,20.0
26.0,152436.0,9.0,0.0,50.0
38.0,222450.0,3.0,0.0,40.0
54.0,194580.0,11.0,0.0,50.0
29.0,130045.0,4.0,0.0,40.0
21.0,33831.0,9.0,0.0,40.0
22.0,138575.0,9.0,0.0,56.0
40.0,221172.0,14.0,0.0,65.0
43.0,167599.0,7.0,0.0,25.0
69.0,337720.0,9.0,0.0,24.0
40.0,75313.0,13.0,7688.0,66.0
51.0,194475.0,10.0,0.0,40.0
50.0,198681.0,10.0,0.0,70.0
50.0,202044.0,13.0,0.0,45.0
43.0,115806.0,14.0,0.0,40.0
40.0,94080.0,12.0,0.0,40.0
34.0,235124.0,9.0,0.0,35.0
35.0,283305.0,13.0,0.0,40.0
23.0,215443.0,10.0,0.0,15.0
38.0,165799.0,10.0,0.0,12.0
53.0,68684.0,9.0,0.0,40.0
29.0,106972.0,14.0,0.0,35.0
29.0,154017.0,9.0,0.0,10.0
63.0,225102.0,9.0,0.0,40.0
31.0,284703.0,14.0,0.0,40.0
69.0,41419.0,4.0,0.0,20.0
28.0,301654.0,13.0,0.0,40.0
56.0,174533.0,13.0,0.0,45.0
17.0,216595.0,7.0,0.0,20.0
28.0,288598.0,9.0,0.0,35.0
36.0,61778.0,9.0,15024.0,40.0
22.0,141698.0,9.0,0.0,40.0
18.0,391257.0,10.0,0.0,40.0
42.0,32981.0,9.0,0.0,40.0
50.0,138358.0,10.0,0.0,28.0
87.0,90338.0,9.0,0.0,2.0
37.0,116554.0,14.0,0.0,70.0
22.0,171176.0,9.0,0.0,48.0
51.0,54342.0,15.0,27828.0,60.0
28.0,201175.0,7.0,0.0,40.0
32.0,194141.0,9.0,0.0,50.0
49.0,215096.0,5.0,0.0,20.0
19.0,60688.0,10.0,0.0,35.0
28.0,329426.0,13.0,0.0,40.0
51.0,74660.0,6.0,0.0,40.0
23.0,69911.0,1.0,0.0,15.0
34.0,56150.0,7.0,0.0,40.0
29.0,421065.0,9.0,0.0,48.0
29.0,45554.0,10.0,0.0,40.0
33.0,312881.0,13.0,0.0,40.0
21.0,132243.0,12.0,0.0,5.0
44.0,157236.0,10.0,0.0,40.0
41.0,116391.0,13.0,0.0,40.0
28.0,138692.0,13.0,0.0,40.0
40.0,182302.0,9.0,0.0,40.0
66.0,186324.0,13.0,0.0,5.0
49.0,186078.0,14.0,0.0,50.0
61.0,190682.0,9.0,0.0,50.0
32.0,509350.0,10.0,0.0,50.0
22.0,401690.0,10.0,0.0,20.0
28.0,160981.0,10.0,0.0,52.0
33.0,31481.0,13.0,0.0,24.0
25.0,362826.0,9.0,0.0,45.0
37.0,205359.0,10.0,0.0,15.0
32.0,198068.0,9.0,0.0,60.0
25.0,108542.0,13.0,0.0,35.0
17.0,140027.0,7.0,0.0,25.0
33.0,332379.0,9.0,0.0,40.0
50.0,156877.0,7.0,0.0,70.0
46.0,222374.0,9.0,0.0,43.0
62.0,208711.0,13.0,7688.0,50.0
47.0,129513.0,13.0,0.0,60.0
38.0,94559.0,13.0,7688.0,50.0
36.0,256636.0,9.0,0.0,40.0
39.0,305597.0,9.0,0.0,40.0
39.0,61343.0,6.0,0.0,60.0
23.0,277328.0,10.0,0.0,32.0
52.0,189216.0,9.0,0.0,65.0
46.0,55377.0,13.0,0.0,40.0
24.0,194654.0,9.0,0.0,40.0
24.0,88676.0,9.0,0.0,35.0
66.0,36364.0,9.0,0.0,40.0
31.0,318647.0,7.0,0.0,40.0
68.0,168794.0,4.0,0.0,30.0
60.0,98350.0,10.0,0.0,60.0
26.0,373553.0,10.0,0.0,42.0
25.0,297154.0,9.0,2407.0,40.0
41.0,159549.0,13.0,0.0,40.0
36.0,181065.0,12.0,0.0,40.0
31.0,156464.0,6.0,0.0,40.0
21.0,222490.0,11.0,0.0,40.0
69.0,124930.0,3.0,0.0,40.0
58.0,473836.0,4.0,0.0,45.0
40.0,109762.0,10.0,0.0,40.0
25.0,117833.0,10.0,0.0,19.0
32.0,110331.0,9.0,0.0,65.0
30.0,78980.0,11.0,0.0,40.0
30.0,261023.0,10.0,0.0,50.0
38.0,234901.0,14.0,0.0,60.0
48.0,425199.0,10.0,0.0,45.0
83.0,153183.0,13.0,0.0,55.0
19.0,186096.0,9.0,0.0,30.0
39.0,277886.0,13.0,0.0,30.0
47.0,268022.0,9.0,0.0,55.0
48.0,180695.0,10.0,0.0,38.0
55.0,105138.0,9.0,0.0,40.0
56.0,206399.0,9.0,0.0,40.0
38.0,119177.0,13.0,0.0,40.0
60.0,198170.0,13.0,0.0,45.0
57.0,299358.0,9.0,0.0,25.0
31.0,288983.0,10.0,0.0,40.0
68.0,89011.0,16.0,0.0,50.0
35.0,200445.0,9.0,0.0,40.0
65.0,105491.0,13.0,99999.0,40.0
45.0,275995.0,13.0,0.0,50.0
17.0,114798.0,6.0,0.0,20.0
33.0,176185.0,9.0,0.0,40.0
62.0,211408.0,11.0,0.0,40.0
56.0,131608.0,10.0,0.0,40.0
40.0,283174.0,11.0,0.0,60.0
24.0,257500.0,9.0,0.0,40.0
27.0,38353.0,11.0,0.0,60.0
20.0,174714.0,10.0,0.0,20.0
67.0,188903.0,4.0,2414.0,40.0
35.0,61343.0,10.0,0.0,45.0
49.0,261059.0,6.0,2176.0,40.0
39.0,129573.0,13.0,0.0,50.0
26.0,213412.0,7.0,0.0,40.0
36.0,219611.0,13.0,2174.0,50.0
32.0,199655.0,10.0,0.0,40.0
36.0,116133.0,9.0,0.0,57.0
34.0,82623.0,9.0,0.0,20.0
44.0,155930.0,13.0,0.0,60.0
37.0,212465.0,9.0,0.0,40.0
46.0,178686.0,13.0,0.0,38.0
23.0,227943.0,12.0,0.0,30.0
38.0,182526.0,13.0,0.0,40.0
41.0,347653.0,15.0,0.0,50.0
28.0,175262.0,10.0,0.0,40.0
53.0,103995.0,13.0,0.0,54.0
46.0,243190.0,9.0,7688.0,40.0
18.0,78567.0,10.0,0.0,30.0
42.0,37937.0,11.0,0.0,45.0
26.0,211798.0,9.0,0.0,40.0
44.0,171589.0,11.0,7688.0,40.0
55.0,227158.0,13.0,0.0,40.0
46.0,116952.0,4.0,0.0,45.0
25.0,176616.0,9.0,0.0,40.0
50.0,154779.0,10.0,0.0,40.0
28.0,215955.0,9.0,0.0,40.0
31.0,38158.0,10.0,0.0,40.0
48.0,97863.0,13.0,0.0,45.0
59.0,116442.0,10.0,0.0,50.0
52.0,287927.0,9.0,15024.0,40.0
55.0,316027.0,4.0,0.0,40.0
41.0,26598.0,9.0,0.0,40.0
36.0,255191.0,14.0,0.0,40.0
28.0,190391.0,13.0,0.0,40.0
22.0,292933.0,13.0,0.0,10.0
52.0,146579.0,9.0,0.0,40.0
65.0,208452.0,10.0,0.0,35.0
41.0,70645.0,14.0,4650.0,55.0
53.0,246117.0,9.0,0.0,40.0
41.0,130408.0,9.0,0.0,38.0
52.0,30731.0,13.0,0.0,45.0
38.0,359001.0,11.0,0.0,42.0
61.0,243283.0,9.0,0.0,40.0
43.0,304906.0,13.0,0.0,45.0
46.0,231347.0,10.0,0.0,20.0
33.0,204042.0,10.0,0.0,55.0
44.0,245317.0,10.0,0.0,56.0
33.0,50276.0,13.0,0.0,40.0
39.0,103984.0,13.0,0.0,40.0
59.0,175689.0,10.0,0.0,14.0
47.0,312088.0,9.0,0.0,40.0
46.0,155659.0,13.0,0.0,40.0
31.0,672412.0,7.0,0.0,40.0
51.0,96062.0,12.0,0.0,60.0
24.0,174182.0,7.0,0.0,24.0
45.0,252079.0,10.0,0.0,50.0
36.0,257250.0,11.0,0.0,99.0
41.0,314322.0,9.0,0.0,40.0
37.0,198216.0,12.0,0.0,40.0
26.0,43408.0,13.0,0.0,40.0
32.0,53206.0,13.0,0.0,50.0
36.0,171676.0,13.0,0.0,40.0
37.0,220644.0,9.0,0.0,40.0
58.0,281792.0,13.0,0.0,40.0
56.0,168625.0,9.0,4101.0,40.0
28.0,130067.0,13.0,0.0,40.0
51.0,82566.0,9.0,0.0,50.0
22.0,216984.0,9.0,0.0,40.0
22.0,440969.0,10.0,0.0,24.0
29.0,96718.0,9.0,0.0,37.0
23.0,142547.0,9.0,0.0,40.0
21.0,314182.0,9.0,0.0,40.0
47.0,166634.0,10.0,0.0,40.0
24.0,43387.0,13.0,0.0,55.0
50.0,72351.0,13.0,0.0,45.0
20.0,122244.0,9.0,0.0,28.0
48.0,218835.0,14.0,0.0,50.0
57.0,370890.0,9.0,0.0,40.0
24.0,198259.0,9.0,0.0,30.0
37.0,378916.0,9.0,0.0,40.0
18.0,208447.0,8.0,0.0,6.0
49.0,318331.0,9.0,0.0,40.0
39.0,194668.0,9.0,0.0,16.0
67.0,174603.0,9.0,0.0,35.0
48.0,189462.0,10.0,7688.0,40.0
22.0,211798.0,10.0,0.0,40.0
33.0,316663.0,10.0,0.0,50.0
26.0,431861.0,6.0,0.0,40.0
45.0,178344.0,11.0,0.0,30.0
20.0,308654.0,10.0,0.0,20.0
44.0,569761.0,11.0,0.0,40.0
26.0,138152.0,8.0,0.0,48.0
59.0,307423.0,5.0,0.0,50.0
28.0,196621.0,9.0,0.0,37.0
39.0,305597.0,9.0,0.0,40.0
26.0,333677.0,13.0,2463.0,35.0
73.0,281907.0,7.0,0.0,3.0
30.0,356882.0,16.0,0.0,20.0
30.0,115932.0,9.0,99999.0,50.0
38.0,95336.0,13.0,0.0,50.0
36.0,166880.0,9.0,0.0,70.0
33.0,79303.0,9.0,0.0,45.0
41.0,198196.0,9.0,0.0,40.0
30.0,230224.0,13.0,0.0,55.0
54.0,124993.0,9.0,0.0,40.0
83.0,213866.0,9.0,0.0,8.0
41.0,32016.0,9.0,0.0,62.0
42.0,250121.0,7.0,0.0,40.0
41.0,203943.0,8.0,0.0,40.0
41.0,168098.0,13.0,0.0,50.0
30.0,390879.0,11.0,0.0,36.0
32.0,124187.0,5.0,0.0,40.0
40.0,162108.0,13.0,0.0,50.0
61.0,221447.0,9.0,0.0,40.0
48.0,233511.0,9.0,0.0,50.0
51.0,103407.0,9.0,0.0,40.0
36.0,198841.0,14.0,0.0,40.0
19.0,425447.0,9.0,0.0,40.0
21.0,162228.0,9.0,0.0,30.0
44.0,43711.0,13.0,0.0,48.0
29.0,161155.0,12.0,0.0,50.0
42.0,20809.0,9.0,0.0,75.0
25.0,170428.0,13.0,0.0,28.0
50.0,24185.0,13.0,0.0,38.0
49.0,122066.0,9.0,0.0,30.0
28.0,183175.0,10.0,0.0,40.0
65.0,325537.0,11.0,0.0,50.0
32.0,447066.0,13.0,15024.0,50.0
62.0,159841.0,9.0,0.0,24.0
20.0,436253.0,10.0,0.0,35.0
27.0,110648.0,13.0,0.0,40.0
30.0,197886.0,10.0,0.0,45.0
24.0,143436.0,10.0,0.0,24.0
31.0,189843.0,9.0,0.0,47.0
50.0,42402.0,15.0,0.0,30.0
65.0,123484.0,9.0,0.0,25.0
44.0,260046.0,9.0,0.0,40.0
42.0,212847.0,9.0,0.0,85.0
71.0,193530.0,7.0,0.0,75.0
22.0,199419.0,9.0,0.0,40.0
27.0,177072.0,10.0,0.0,16.0
17.0,198830.0,7.0,0.0,10.0
68.0,274096.0,6.0,0.0,20.0
25.0,191230.0,10.0,0.0,40.0
49.0,102318.0,12.0,0.0,25.0
55.0,99551.0,13.0,0.0,15.0
40.0,140108.0,5.0,0.0,40.0
32.0,255424.0,13.0,0.0,60.0
17.0,154398.0,7.0,0.0,16.0
57.0,73051.0,13.0,0.0,40.0
40.0,26598.0,13.0,0.0,40.0
54.0,329733.0,9.0,0.0,40.0
40.0,243636.0,13.0,0.0,50.0
43.0,233130.0,10.0,0.0,25.0
32.0,111567.0,15.0,0.0,40.0
38.0,809585.0,13.0,0.0,40.0
57.0,205708.0,10.0,0.0,40.0
48.0,177211.0,7.0,0.0,40.0
49.0,192894.0,9.0,0.0,40.0
43.0,75993.0,10.0,7688.0,40.0
52.0,146565.0,12.0,4865.0,30.0
49.0,151584.0,10.0,0.0,32.0
18.0,238867.0,7.0,0.0,40.0
25.0,283515.0,10.0,0.0,60.0
51.0,190333.0,10.0,0.0,40.0
36.0,139703.0,14.0,0.0,40.0
56.0,61885.0,13.0,0.0,65.0
20.0,298635.0,10.0,0.0,30.0
22.0,375422.0,13.0,0.0,40.0
42.0,175674.0,9.0,0.0,60.0
51.0,96190.0,10.0,0.0,40.0
21.0,196508.0,10.0,0.0,40.0
45.0,191914.0,9.0,0.0,55.0
49.0,332355.0,9.0,0.0,40.0
44.0,125461.0,16.0,0.0,60.0
36.0,29814.0,7.0,0.0,40.0
31.0,116677.0,9.0,0.0,40.0
34.0,81223.0,9.0,0.0,48.0
48.0,192945.0,9.0,7688.0,40.0
41.0,171615.0,12.0,0.0,45.0
40.0,195892.0,10.0,0.0,40.0
52.0,152795.0,10.0,0.0,40.0
42.0,318947.0,9.0,0.0,40.0
40.0,50644.0,12.0,1506.0,40.0
31.0,151763.0,14.0,0.0,25.0
46.0,168195.0,15.0,0.0,45.0
31.0,59083.0,9.0,0.0,35.0
47.0,363418.0,10.0,0.0,70.0
50.0,156623.0,15.0,7688.0,50.0
45.0,102771.0,9.0,0.0,40.0
32.0,96016.0,13.0,0.0,45.0
45.0,304973.0,9.0,0.0,78.0
56.0,198388.0,9.0,0.0,40.0
58.0,40925.0,13.0,0.0,40.0
61.0,115023.0,14.0,0.0,4.0
31.0,162442.0,13.0,0.0,40.0
67.0,105252.0,10.0,7978.0,35.0
29.0,250819.0,10.0,0.0,40.0
32.0,372692.0,9.0,0.0,40.0
41.0,288679.0,9.0,0.0,40.0
27.0,170504.0,13.0,0.0,40.0
51.0,175246.0,9.0,0.0,50.0
47.0,159389.0,12.0,0.0,40.0
